{"188093652277526528": {"username": null, "player_name": "guy zheng"}, "458485170857836565": {"username": null, "player_name": "eko van otter"}, "534526818267561985": {"username": null, "player_name": "Pablo Salvatici"}, "244650211442425866": {"username": null, "player_name": "A Jobin"}, "206527240568045568": {"username": null, "player_name": "gabriel johnson"}, "186610100109180928": {"username": null, "player_name": "Dick Clapper"}, "529347747472474113": {"username": null, "player_name": "angus Mcfife XVIII"}, "490900869953355801": {"username": null, "player_name": "Simon LeBlanc"}, "678881113652854785": {"username": null, "player_name": "Michael Withecheck"}, "363399593465217024": {"username": null, "player_name": "Rex Kirkby"}, "207268532155711489": {"username": null, "player_name": "pavel jeziak"}, "364526482909036545": {"username": null, "player_name": "DeMaricus Smyth"}, "461340335117959170": {"username": null, "player_name": "Puddles O'Duck"}, "301784782629765123": {"username": null, "player_name": "Samat Beibitzhanov"}, "330186318921334784": {"username": null, "player_name": "Brady McIntyre"}}